student_id,lesson_gap,kg_proximity,difficulty_fit,duration_fit,style_type_fit,prereq_readiness,rule_score,content_score,tag_overlap,tfidf_lesson_sim,graph_score,gnn_style_affinity,kg_resource_centrality,risk_score,engagement_norm,performance_norm,attendance_ratio,gpa_norm,prior_score,time_budget,interaction_density_norm,submission_delay,forum_activity,n_gap_norm,quiz_gap,assessment_gap,resource_appetite,ability,res_duration_norm,res_difficulty,res_is_video,res_is_lab,res_is_pdf,res_prereq_count,res_lesson_size
ST4561,-0.000912,0.009996,0.003061,0.017798,0.011034,-0.003371,0.282299,0.05346,-0.021901,0.024915,0.018697,0.01384,-0.002136,0.003317,0.021317,0.009648,0.002383,-0.001588,0.002091,-0.009831,-0.006862,0.008647,0.016401,0.011654,0.009276,-0.011176,-0.008745,-0.006057,0.008008,-0.018316,0.0103,-0.01149,0.001433,0.013203,-0.000382
ST1119,-0.002823,0.01373,0.010506,0.019143,0.011648,-0.003133,0.2507,0.077771,-0.01613,-0.001316,0.010469,0.008561,0.009005,-0.009494,0.003535,0.006363,-0.020322,-0.009035,-0.006342,0.00058,-0.006687,0.003004,0.013021,-0.00198,0.005485,-0.006189,-0.021096,0.002005,-2.1e-05,0.008435,0.009923,-0.01184,-0.005463,0.005227,-0.001292
ST4356,0.008314,0.067225,0.033326,0.295921,-0.003227,-0.007849,0.376095,0.005982,-0.010962,0.040622,0.020936,0.03129,0.0022,-0.009925,0.04056,0.007086,-0.04493,-0.004009,0.016619,0.000539,-0.017393,-0.01384,0.018083,0.015459,0.012436,-0.003213,-0.004375,-0.025928,0.010095,0.000723,-0.012249,0.006056,0.005533,0.034503,0.016736
ST5177,0.014568,0.012175,0.096565,6.6e-05,0.010585,0.006924,0.219269,0.049841,-0.014117,0.017545,0.02838,0.023449,-0.009291,0.014106,0.036886,-0.000699,-0.00704,0.002789,-0.004369,-0.000169,0.005949,0.004663,0.017111,0.017478,-0.004272,-0.02051,-0.00319,-0.012147,0.008743,-0.022736,0.015101,-0.014484,0.001916,0.008693,-0.012533
ST2002,0.031456,0.007199,0.24306,0.281387,0.022504,0.012731,0.225324,0.028087,-0.020605,-0.00423,0.030336,0.004962,0.030215,-0.021534,0.042675,0.014904,-0.011529,0.009406,-0.001288,-0.027771,0.040683,0.008395,0.008778,0.003546,-0.002638,-0.035321,0.015237,-0.021205,0.061677,0.004522,0.035166,0.028986,0.02445,0.025646,0.006345
ST5836,-0.007745,0.012908,0.001354,0.122458,0.018181,0.010119,0.311952,0.034598,-0.011246,0.036584,0.027648,0.021042,-0.003872,0.001037,0.023248,0.004566,0.004172,0.00909,0.011264,-0.009942,-0.012357,0.01774,0.013765,0.0159,0.009987,-0.002422,-0.007856,-0.013441,0.038803,-0.00791,0.010914,0.001683,0.005773,0.009318,-0.010235
ST5000,-0.004465,0.022171,0.022569,0.012617,0.023899,0.00401,0.281922,0.025626,-0.012774,0.049395,0.017822,0.021415,-0.006876,0.006222,0.027576,0.00757,0.001851,-0.006497,-0.003052,-0.004779,-0.009403,0.000685,0.01893,-0.002544,0.006378,-0.015202,-0.012853,2.7e-05,0.043301,-0.016258,0.010433,-0.003848,0.001319,0.022079,0.000768
ST3292,0.022409,0.013327,0.330803,0.003604,0.025783,0.009861,0.193115,0.036779,0.002927,0.014228,0.021405,0.014368,0.032386,-0.020027,0.05388,-0.000505,-0.005512,0.014111,0.002292,0.024512,0.023878,0.008099,0.040727,0.033346,-0.012627,0.003897,-0.011767,-0.035713,0.055638,-0.057593,0.027163,0.006943,0.016243,0.022606,0.000393
ST2631,0.000683,0.055327,0.075421,0.255349,-0.007982,-0.008801,0.323715,0.02809,-0.006016,0.025417,0.006396,0.020011,0.011824,-0.012237,0.024541,-0.00045,-0.036442,-0.011724,0.011059,-0.023385,-0.02076,-0.001726,0.017631,0.009034,0.016749,-0.003825,-0.020386,-0.010819,0.022273,0.034196,-0.008539,0.009444,-0.000388,-0.002945,0.006628
ST4947,0.006239,0.019162,0.149127,0.0147,0.023637,0.007521,0.185035,0.026867,0.002904,0.017446,0.017956,0.013561,0.012291,0.016604,0.036554,-0.000503,0.012348,0.002823,0.002037,-0.013269,-9.2e-05,0.011647,0.019218,0.005461,-0.006484,-0.015071,0.001087,-0.020091,0.043745,-0.036725,0.017623,-0.01582,0.009408,-0.00071,-0.005714
ST2300,-0.003317,0.02035,0.052725,0.008346,0.025617,0.002266,0.288963,0.024941,-0.010635,0.027888,0.014127,0.020349,-0.000498,0.005797,0.029676,0.004272,-0.006413,-0.002237,-0.004506,0.000128,-0.002681,0.001945,0.021096,0.010238,0.001395,-0.017201,-0.011149,-0.006096,0.036788,-0.016611,0.017735,0.002894,-0.002614,0.028837,-0.003176
ST5565,-0.011607,0.021311,0.046117,0.033532,0.009778,-0.00285,0.311552,0.017517,-0.020829,0.01074,0.011712,0.011013,0.000174,-0.000808,0.01677,-0.004204,-0.007633,-0.00852,0.001321,0.00433,-0.00633,0.000732,0.022432,-0.002806,0.009626,-0.006706,-0.020265,-0.012716,0.012635,0.022925,0.005546,-0.014255,0.008569,-0.000497,-0.002994
ST5431,-0.001087,0.010548,0.00938,0.01796,0.008309,0.007263,0.253607,0.011441,-0.016658,0.070439,0.017978,0.01826,-0.005461,0.005773,0.014707,0.00339,-0.000229,0.001614,0.00205,-0.005246,-0.002918,0.001475,0.012255,0.000975,0.001134,-0.010505,-0.011271,-0.002424,0.004594,-0.026424,0.010107,-0.005407,0.002129,0.016919,0.00638
ST5472,-0.005637,0.03748,0.059578,0.224236,-0.004204,-0.000755,0.367696,0.064745,-0.008778,0.075879,0.002114,0.029917,0.023442,-0.019892,0.000281,0.000675,-0.02766,0.003885,0.017133,-0.023378,-0.014782,0.013557,0.021773,0.020763,0.000252,-0.005773,0.003304,-0.021297,0.0367,0.035412,-0.005515,0.005973,0.001722,0.024718,0.006677
ST1629,-0.00589,0.021757,0.064874,0.013788,0.015235,0.001909,0.278866,0.026559,-0.010491,0.07708,0.015846,0.020461,0.009606,0.007788,0.026132,-0.002807,-0.0044,0.001637,-0.001163,0.00581,-0.003931,0.007399,0.013183,0.013774,0.004336,-0.014357,-0.011211,-0.010329,0.019365,0.027644,0.015786,-0.002862,-0.000915,0.017081,0.003433
ST5406,0.002043,0.017877,0.12055,0.004544,0.00702,0.006168,0.23466,-0.002293,-0.002405,0.018832,0.023146,0.01528,0.005928,0.014982,0.035834,-0.005633,-0.004341,0.004638,-0.001697,-0.00231,-2.3e-05,-0.005171,0.025286,0.004498,-0.011657,-0.014842,-0.000723,-0.011973,0.042742,-0.019548,0.010986,-0.0128,0.002761,0.010497,-0.009942
ST5657,0.007141,0.018401,0.074397,0.007018,0.01546,0.006285,0.223821,0.009475,-0.00432,-0.001575,0.008854,0.029574,-0.01007,0.015285,0.027481,-0.00147,-0.005589,0.00087,-0.005873,0.003664,-0.001548,-0.001888,0.014486,0.011893,-0.004933,-0.019933,-0.004166,-0.007073,0.045297,-0.013559,0.011463,-0.003601,-0.002836,0.013893,-0.01028
ST2891,-0.004413,0.020041,-0.000171,0.046681,0.014568,-0.000815,0.312043,0.011199,-0.014505,0.036675,0.020029,0.018503,-0.012444,0.00254,0.031727,0.001549,-0.000649,-0.005004,0.006135,0.008279,-0.002398,0.002521,0.017257,0.003048,0.00674,-0.002004,-0.008849,-0.008731,0.032634,-0.00837,0.011024,-0.008341,0.000138,0.018586,0.000483
ST1514,0.000472,0.055697,0.025972,0.298912,0.000705,-0.0075,0.294862,0.043297,0.00665,0.004507,0.043352,0.025624,0.020018,-0.013672,0.034698,0.011508,-0.031984,-0.020429,0.013755,-0.042079,-0.021704,-0.002662,0.019729,-0.007009,0.036537,-0.017687,-0.020701,-0.009155,0.038225,-0.001721,0.003135,0.007767,-0.008998,0.037558,0.006997
ST2329,-0.00842,0.018311,0.005619,0.022052,0.013366,-0.001373,0.397911,0.039186,-0.012507,0.062202,0.006086,0.023402,0.006104,-0.024948,0.022934,0.003322,-0.013828,-0.003725,6.1e-05,0.008409,-0.009762,0.010906,0.029976,0.010817,0.006947,-0.011128,-0.014784,-0.001643,0.025933,0.004465,0.005561,-0.017675,-0.00166,0.018662,0.006193
ST5789,0.001599,0.006873,0.178455,0.008602,-3.9e-05,0.000963,0.301775,0.021758,0.001383,0.014118,0.007802,0.019717,0.016527,-0.000947,0.039922,-0.016032,-0.008099,0.00675,0.011873,0.006713,-0.007598,0.008092,0.021267,0.001286,0.007972,-0.019526,-0.018121,-0.022357,0.01299,0.034905,0.013084,-0.027771,0.00471,-0.009934,0.003766
ST3997,0.017012,0.011754,0.249287,0.009365,0.003406,0.00114,0.338411,0.032097,-0.007609,0.063469,0.013614,0.008852,0.035084,-0.010257,0.043375,-0.012864,-0.002559,0.012473,0.009515,0.027985,0.017188,-0.004662,0.013084,0.027691,-0.017519,-0.006922,0.004617,-0.028681,0.024478,0.030077,0.025357,-0.000944,0.018428,0.002055,-0.002751
ST4000,0.004514,0.060027,-0.004752,0.257871,-0.011229,-0.011226,0.251848,0.04207,0.0017,0.027409,0.034852,0.031358,0.014745,0.005831,0.01983,0.007519,-0.027411,-0.007088,0.019391,-0.046714,-0.008846,-0.005411,0.012738,0.005361,0.014755,0.005725,0.001595,-0.023524,0.045382,-0.015143,-0.021966,0.017209,0.008828,0.029097,0.002595
ST3596,-0.002161,0.01718,-0.000178,0.007922,0.008973,5e-05,0.243087,0.051687,-0.005596,0.035368,0.043993,0.014932,0.007242,0.012913,0.022015,0.007371,-0.004157,-0.00475,-0.009761,0.001172,-0.003898,-0.000605,0.014598,0.00246,0.003434,-0.009957,-0.008785,-0.000232,0.034461,-0.026106,0.003618,-0.002103,0.000595,0.015914,-0.002436
ST1767,-0.005816,0.021691,-0.009417,0.02559,-0.000919,-0.000896,0.218098,0.042643,-0.008695,0.050427,0.041968,0.014868,0.008076,0.011328,0.025765,0.005569,0.000631,-0.006345,0.002335,-0.000841,-0.004547,0.0037,0.021883,0.010795,0.003384,-0.010922,-0.005513,-0.014982,0.040593,-0.018279,0.006227,-0.003048,0.001864,0.013635,-0.005749
ST5942,-0.000505,0.012972,0.002663,0.018501,0.014425,0.000229,0.246204,0.002668,-0.013632,0.057843,0.035392,0.018231,0.006324,0.003637,0.023936,0.012969,-0.002892,-0.00546,-0.000941,0.005398,-0.007728,0.002588,0.019467,0.006658,-0.000189,-0.006503,-0.001212,-0.008959,0.035248,-0.022505,0.004621,-0.004927,-0.005019,0.016011,-0.000469
ST1588,-0.002596,0.01519,0.009601,0.018164,0.013236,0.00522,0.279736,0.008949,-0.017849,0.056814,0.009504,0.01171,-0.003257,0.002423,0.022976,0.004586,-0.005832,0.000876,0.001265,0.000423,-0.008025,0.003242,0.0188,0.001646,-0.001088,-0.010525,-0.005953,0.001393,0.000559,-0.017987,0.014249,-0.004406,0.002419,0.016305,0.00714
ST3532,-0.018032,0.024291,-0.005897,0.023315,-0.001356,0.00179,0.431154,0.047928,-0.021203,0.05442,0.012088,0.012326,0.018398,-0.019271,0.026384,0.012376,0.000425,-0.004511,0.013253,0.012697,-0.023647,0.003333,0.033418,-0.000469,0.009949,-0.01472,-0.010936,0.001059,0.019207,0.011159,0.019585,-0.009626,0.007096,0.008147,0.000551
ST4991,-0.004709,0.014481,0.064979,0.022479,0.013216,0.001898,0.245946,0.035658,-0.005107,0.077916,0.022859,0.028152,-0.005616,0.005022,0.029291,-0.008579,-0.005591,0.001559,-0.006907,0.003203,0.00112,0.005755,0.016496,0.016609,0.000588,-0.014993,-0.016397,-0.013775,0.009287,0.026868,0.012321,9.7e-05,-0.000265,0.011814,0.003355
ST4700,-0.002796,0.014928,0.007419,0.011863,0.009713,0.002153,0.235852,0.056168,-0.015397,0.031734,0.02862,0.016297,-0.006808,0.010193,0.020921,0.006768,-0.003567,-0.001326,-0.010095,0.002117,-0.001823,0.000901,0.017369,-0.00161,0.001129,-0.015097,-0.010875,-0.003423,0.035205,-0.031155,0.006823,-0.008862,0.005058,0.019862,0.000176
ST1942,-0.004734,0.040158,-0.002358,0.274608,-0.003913,0.000524,0.177367,0.035836,-0.014699,0.029785,0.003062,0.014126,0.004394,0.015976,0.02456,0.000559,-0.01393,0.023099,0.006311,-0.002779,-0.0231,0.000829,0.000221,0.019379,0.008806,0.009102,-0.016687,-0.018109,0.010942,-0.001921,-0.009974,0.027291,-0.001559,0.018355,0.008452
ST4750,-0.011483,0.022327,0.04666,0.094985,0.019251,0.000857,0.323322,0.046369,-0.011853,0.047546,0.011888,0.015522,-0.024261,0.00014,0.008173,0.005789,0.000708,0.003469,-0.003004,-0.016944,-0.00165,0.005772,0.023645,0.017781,0.013227,-0.011942,-0.011317,-0.019496,0.009434,0.02499,0.020513,-0.008492,0.004661,0.013113,-0.003404
ST5621,0.001664,0.025613,0.226911,0.241465,-0.005748,0.009167,0.284242,0.078303,-0.036764,0.026652,0.020676,0.002954,0.000237,-0.013512,-0.008683,0.03518,-0.020406,-0.024173,-0.018014,0.001531,0.001014,0.019088,-0.00348,-0.003089,0.014561,-0.029326,0.008628,-0.013175,-0.021825,0.042375,0.017503,0.009982,0.005545,0.022503,0.00772
ST1503,0.000628,0.010909,0.022418,0.004346,-0.003723,-0.004156,0.210546,0.024547,-0.00415,0.048758,0.014673,0.008231,0.000271,0.001623,0.008353,0.001823,-0.005909,0.003467,0.000116,0.00449,-0.013763,0.00091,0.011998,-0.006281,0.007786,-0.003365,-0.002201,-0.00774,0.007324,0.010991,-0.004166,-0.008074,0.000109,0.001861,0.001182
ST1032,-0.002565,0.015288,-0.002742,0.013115,0.020514,-0.00167,0.274232,0.031939,-0.013976,0.048308,0.030825,0.019629,0.005285,0.004129,0.019118,0.011717,-0.003238,-0.005615,-0.005564,0.004129,-0.013018,0.005674,0.015193,0.001265,0.012888,-0.014461,-0.012962,-0.002323,0.040967,-0.021424,0.008991,-0.010089,0.000728,0.019684,0.001194
ST3386,-0.001361,0.020256,0.002719,0.01032,0.014898,-0.005487,0.272892,0.043725,-0.009212,0.038234,0.028901,0.012319,0.004769,0.010554,0.013183,0.002068,-0.004138,0.000485,-0.003972,0.002585,-0.00595,0.002407,0.014539,0.002249,0.011891,-0.009153,-0.013263,0.001024,0.000308,0.017472,0.006478,-0.010408,-0.000266,0.006734,-0.000754
ST4905,0.00127,0.010256,0.000896,0.009094,0.015072,-0.000825,0.265029,0.054448,-0.016848,0.029202,0.026546,0.006982,0.001443,0.004796,0.020529,0.009625,-0.001311,-0.002536,0.000325,-0.000381,-0.004373,0.008779,0.015441,0.003881,0.003704,-0.010814,-0.015904,0.003829,0.005052,-0.024091,0.009133,-0.004485,0.002857,0.0097,-0.003701
ST2825,-0.026729,0.02064,0.276874,0.040589,0.019176,0.000634,0.340753,0.070369,-0.02492,0.053291,0.007349,0.011421,-0.037033,0.001768,-0.003279,0.026934,0.00877,-0.017879,0.005153,0.001409,-0.015738,0.005482,0.023319,-0.00179,0.019025,-0.003614,-0.009037,-0.00725,0.011406,0.048069,0.02402,-0.012882,0.005683,0.021721,0.005758
ST4682,-0.018084,0.004128,0.274142,0.155266,-0.010735,0.010223,0.21551,0.053404,-0.022185,0.05317,0.015721,0.012066,-0.025733,-0.009739,-0.009075,0.03491,-0.000551,0.010275,0.007213,0.006516,-0.052051,0.015576,0.027446,0.023184,-0.003493,0.004705,-0.009613,0.035271,-0.00713,0.008327,-0.011829,0.008753,0.018229,-0.000696,-0.030155
ST2851,-0.013905,0.013138,0.08551,0.024567,0.007633,-0.000883,0.323065,0.031443,-0.02922,0.027968,0.010746,0.007532,-0.000525,0.002309,0.010525,-0.003496,-0.002732,-0.001303,-0.003172,0.00481,-0.001477,0.01481,0.008998,-0.014088,0.005271,-0.00666,-0.02284,-0.015233,0.008431,0.046327,0.010148,-0.006431,0.005031,0.004431,0.002184
